id,variable,input_nm,agg_id,agg_variable
_app_downloads,vol_m_tot_app_sp,m_tot_app_sp,,
_app_downloads,awareness_m_aud_app_sp,m_aud_app_sp,,
_app_downloads,awareness_m_aud_exp_sp,m_aud_exp_sp,,
_app_downloads,awareness_m_aud_ret_sp,m_aud_ret_sp,,
_app_downloads,awareness_m_dig_exp_sp,m_dig_exp_sp,,
_app_downloads,awareness_m_dig_ret_sp,m_dig_ret_sp,,
_app_downloads,awareness_m_disst_app_sp,m_disst_app_sp,,
_app_downloads,awareness_m_disst_exp_sp,m_disst_exp_sp,,
_app_downloads,awareness_m_disst_ret_sp,m_disst_ret_sp,,
_app_downloads,awareness_m_disvd_app_sp,m_disvd_app_sp,,
_app_downloads,awareness_m_disvd_home_sp,m_disvd_home_sp,,
_app_downloads,awareness_m_disvd_ret_sp,m_disvd_ret_sp,,
_app_downloads,awareness_m_drd_ret_sp,m_drd_ret_sp,,
_app_downloads,awareness_m_drm_ret_sp,m_drm_ret_sp,,
_app_downloads,awareness_m_ooh_befo_exp_sp,m_ooh_befo_exp_sp,,
_app_downloads,awareness_m_ooh_befo_ret_sp,m_ooh_befo_ret_sp,,
_app_downloads,awareness_m_ooh_befo_rtd_sp,m_ooh_befo_rtd_sp,,
_app_downloads,awareness_m_oohdig_app_sp,m_oohdig_app_sp,,
_app_downloads,awareness_m_oohdig_home_sp,m_oohdig_home_sp,,
_app_downloads,awareness_m_oohdig_ret_sp,m_oohdig_ret_sp,,
_app_downloads,awareness_m_oohpap_app_sp,m_oohpap_app_sp,,
_app_downloads,awareness_m_oohpap_ret_sp,m_oohpap_ret_sp,,
_app_downloads,awareness_m_prs_exp_sp,m_prs_exp_sp,,
_app_downloads,awareness_m_prs_home_sp,m_prs_home_sp,,
_app_downloads,awareness_m_prs_ret_sp,m_prs_ret_sp,,
_app_downloads,awareness_m_rad_ret_sp,m_rad_ret_sp,,
_app_downloads,awareness_m_radprt_ret_sp,m_radprt_ret_sp,,
_app_downloads,awareness_m_socfb_exp_sp,m_socfb_exp_sp,,
_app_downloads,awareness_m_socfb_ret_sp,m_socfb_ret_sp,,
_app_downloads,awareness_m_socsn_exp_sp,m_socsn_exp_sp,,
_app_downloads,awareness_m_socsn_ret_sp,m_socsn_ret_sp,,
_app_downloads,awareness_m_soctw_exp_sp,m_soctw_exp_sp,,
_app_downloads,awareness_m_soctw_ret_sp,m_soctw_ret_sp,,
_app_downloads,awareness_m_tvvspons_ret_ppval,m_tvvspons_ret_sp,,
_app_downloads,awareness_m_vod_ret_sp,m_vod_ret_sp,,
_exp_london,vol_m_tot_exp18_sp,m_tot_exp18_sp,,
_exp_london,_app_downloads_awareness_m_aud_app_sp,m_aud_app_sp,,
_exp_london,_app_downloads_awareness_m_aud_exp_sp,m_aud_exp_sp,,
_exp_london,_app_downloads_awareness_m_aud_ret_sp,m_aud_ret_sp,,
_exp_london,_app_downloads_awareness_m_dig_exp_sp,m_dig_exp_sp,,
_exp_london,_app_downloads_awareness_m_dig_ret_sp,m_dig_ret_sp,,
_exp_london,_app_downloads_awareness_m_disst_app_sp,m_disst_app_sp,,
_exp_london,_app_downloads_awareness_m_disst_exp_sp,m_disst_exp_sp,,
_exp_london,_app_downloads_awareness_m_disst_ret_sp,m_disst_ret_sp,,
_exp_london,_app_downloads_awareness_m_disvd_app_sp,m_disvd_app_sp,,
_exp_london,_app_downloads_awareness_m_disvd_home_sp,m_disvd_home_sp,,
_exp_london,_app_downloads_awareness_m_disvd_ret_sp,m_disvd_ret_sp,,
_exp_london,_app_downloads_awareness_m_drd_ret_sp,m_drd_ret_sp,,
_exp_london,_app_downloads_awareness_m_drm_ret_sp,m_drm_ret_sp,,
_exp_london,_app_downloads_awareness_m_ooh_befo_exp_sp,m_ooh_befo_exp_sp,,
_exp_london,_app_downloads_awareness_m_ooh_befo_ret_sp,m_ooh_befo_ret_sp,,
_exp_london,_app_downloads_awareness_m_ooh_befo_rtd_sp,m_ooh_befo_rtd_sp,,
_exp_london,_app_downloads_awareness_m_oohdig_app_sp,m_oohdig_app_sp,,
_exp_london,_app_downloads_awareness_m_oohdig_home_sp,m_oohdig_home_sp,,
_exp_london,_app_downloads_awareness_m_oohdig_ret_sp,m_oohdig_ret_sp,,
_exp_london,_app_downloads_awareness_m_oohpap_app_sp,m_oohpap_app_sp,,
_exp_london,_app_downloads_awareness_m_oohpap_ret_sp,m_oohpap_ret_sp,,
_exp_london,_app_downloads_awareness_m_prs_exp_sp,m_prs_exp_sp,,
_exp_london,_app_downloads_awareness_m_prs_home_sp,m_prs_home_sp,,
_exp_london,_app_downloads_awareness_m_prs_ret_sp,m_prs_ret_sp,,
_exp_london,_app_downloads_awareness_m_rad_ret_sp,m_rad_ret_sp,,
_exp_london,_app_downloads_awareness_m_radprt_ret_sp,m_radprt_ret_sp,,
_exp_london,_app_downloads_awareness_m_socfb_exp_sp,m_socfb_exp_sp,,
_exp_london,_app_downloads_awareness_m_socfb_ret_sp,m_socfb_ret_sp,,
_exp_london,_app_downloads_awareness_m_socsn_exp_sp,m_socsn_exp_sp,,
_exp_london,_app_downloads_awareness_m_socsn_ret_sp,m_socsn_ret_sp,,
_exp_london,_app_downloads_awareness_m_soctw_exp_sp,m_soctw_exp_sp,,
_exp_london,_app_downloads_awareness_m_soctw_ret_sp,m_soctw_ret_sp,,
_exp_london,_app_downloads_awareness_m_tvvspons_ret_ppval,m_tvvspons_ret_sp,,
_exp_london,_app_downloads_awareness_m_vod_ret_sp,m_vod_ret_sp,,
_exp_london,_app_downloads_vol_m_tot_app_sp,m_tot_app_sp,,
_exp_london,brand_preference_m_aud_app_sp,m_aud_app_sp,,
_exp_london,brand_preference_m_aud_exp_sp,m_aud_exp_sp,,
_exp_london,brand_preference_m_aud_ret_sp,m_aud_ret_sp,,
_exp_london,brand_preference_m_cin_ret_sp,m_cin_ret_sp,,
_exp_london,brand_preference_m_dig_exp_sp,m_dig_exp_sp,,
_exp_london,brand_preference_m_dig_ret_sp,m_dig_ret_sp,,
_exp_london,brand_preference_m_disst_app_sp,m_disst_app_sp,,
_exp_london,brand_preference_m_disst_exp_sp,m_disst_exp_sp,,
_exp_london,brand_preference_m_disst_ret_sp,m_disst_ret_sp,,
_exp_london,brand_preference_m_disvd_app_sp,m_disvd_app_sp,,
_exp_london,brand_preference_m_disvd_home_sp,m_disvd_home_sp,,
_exp_london,brand_preference_m_disvd_ret_sp,m_disvd_ret_sp,,
_exp_london,brand_preference_m_drd_ret_sp,m_drd_ret_sp,,
_exp_london,brand_preference_m_drm_ret_sp,m_drm_ret_sp,,
_exp_london,brand_preference_m_ooh_befo_exp_sp,m_ooh_befo_exp_sp,,
_exp_london,brand_preference_m_ooh_befo_home_sp,m_ooh_befo_home_sp,,
_exp_london,brand_preference_m_ooh_befo_ret_sp,m_ooh_befo_ret_sp,,
_exp_london,brand_preference_m_ooh_befo_rtd_sp,m_ooh_befo_rtd_sp,,
_exp_london,brand_preference_m_oohdig_app_sp,m_oohdig_app_sp,,
_exp_london,brand_preference_m_oohdig_home_sp,m_oohdig_home_sp,,
_exp_london,brand_preference_m_oohdig_ret_sp,m_oohdig_ret_sp,,
_exp_london,brand_preference_m_oohpap_app_sp,m_oohpap_app_sp,,
_exp_london,brand_preference_m_oohpap_ret_sp,m_oohpap_ret_sp,,
_exp_london,brand_preference_m_prs_exp_sp,m_prs_exp_sp,,
_exp_london,brand_preference_m_prs_home_sp,m_prs_home_sp,,
_exp_london,brand_preference_m_prs_ret_sp,m_prs_ret_sp,,
_exp_london,brand_preference_m_rad_exp_sp,m_rad_exp_sp,,
_exp_london,brand_preference_m_rad_home_sp,m_rad_home_sp,,
_exp_london,brand_preference_m_rad_ret_sp,m_rad_ret_sp,,
_exp_london,brand_preference_m_radprt_ret_sp,m_radprt_ret_sp,,
_exp_london,brand_preference_m_socfb_exp_sp,m_socfb_exp_sp,,
_exp_london,brand_preference_m_socfb_ret_sp,m_socfb_ret_sp,,
_exp_london,brand_preference_m_socsn_exp_sp,m_socsn_exp_sp,,
_exp_london,brand_preference_m_socsn_ret_sp,m_socsn_ret_sp,,
_exp_london,brand_preference_m_soctw_exp_sp,m_soctw_exp_sp,,
_exp_london,brand_preference_m_soctw_ret_sp,m_soctw_ret_sp,,
_exp_london,brand_preference_m_tvv_ret_sp,m_tvv_ret_sp,,
_exp_london,brand_preference_m_tvvspons_ret_ppval,m_tvvspons_ret_sp,,
_exp_london,brand_preference_m_vod_ret_sp,m_vod_ret_sp,,
_exp_south,vol_m_tot_exp18_sp,m_tot_exp18_sp,,
_exp_south,_app_downloads_awareness_m_aud_app_sp,m_aud_app_sp,,
_exp_south,_app_downloads_awareness_m_aud_exp_sp,m_aud_exp_sp,,
_exp_south,_app_downloads_awareness_m_aud_ret_sp,m_aud_ret_sp,,
_exp_south,_app_downloads_awareness_m_dig_exp_sp,m_dig_exp_sp,,
_exp_south,_app_downloads_awareness_m_dig_ret_sp,m_dig_ret_sp,,
_exp_south,_app_downloads_awareness_m_disst_app_sp,m_disst_app_sp,,
_exp_south,_app_downloads_awareness_m_disst_exp_sp,m_disst_exp_sp,,
_exp_south,_app_downloads_awareness_m_disst_ret_sp,m_disst_ret_sp,,
_exp_south,_app_downloads_awareness_m_disvd_app_sp,m_disvd_app_sp,,
_exp_south,_app_downloads_awareness_m_disvd_home_sp,m_disvd_home_sp,,
_exp_south,_app_downloads_awareness_m_disvd_ret_sp,m_disvd_ret_sp,,
_exp_south,_app_downloads_awareness_m_drd_ret_sp,m_drd_ret_sp,,
_exp_south,_app_downloads_awareness_m_drm_ret_sp,m_drm_ret_sp,,
_exp_south,_app_downloads_awareness_m_ooh_befo_exp_sp,m_ooh_befo_exp_sp,,
_exp_south,_app_downloads_awareness_m_ooh_befo_ret_sp,m_ooh_befo_ret_sp,,
_exp_south,_app_downloads_awareness_m_ooh_befo_rtd_sp,m_ooh_befo_rtd_sp,,
_exp_south,_app_downloads_awareness_m_oohdig_app_sp,m_oohdig_app_sp,,
_exp_south,_app_downloads_awareness_m_oohdig_home_sp,m_oohdig_home_sp,,
_exp_south,_app_downloads_awareness_m_oohdig_ret_sp,m_oohdig_ret_sp,,
_exp_south,_app_downloads_awareness_m_oohpap_app_sp,m_oohpap_app_sp,,
_exp_south,_app_downloads_awareness_m_oohpap_ret_sp,m_oohpap_ret_sp,,
_exp_south,_app_downloads_awareness_m_prs_exp_sp,m_prs_exp_sp,,
_exp_south,_app_downloads_awareness_m_prs_home_sp,m_prs_home_sp,,
_exp_south,_app_downloads_awareness_m_prs_ret_sp,m_prs_ret_sp,,
_exp_south,_app_downloads_awareness_m_rad_ret_sp,m_rad_ret_sp,,
_exp_south,_app_downloads_awareness_m_radprt_ret_sp,m_radprt_ret_sp,,
_exp_south,_app_downloads_awareness_m_socfb_exp_sp,m_socfb_exp_sp,,
_exp_south,_app_downloads_awareness_m_socfb_ret_sp,m_socfb_ret_sp,,
_exp_south,_app_downloads_awareness_m_socsn_exp_sp,m_socsn_exp_sp,,
_exp_south,_app_downloads_awareness_m_socsn_ret_sp,m_socsn_ret_sp,,
_exp_south,_app_downloads_awareness_m_soctw_exp_sp,m_soctw_exp_sp,,
_exp_south,_app_downloads_awareness_m_soctw_ret_sp,m_soctw_ret_sp,,
_exp_south,_app_downloads_awareness_m_tvvspons_ret_ppval,m_tvvspons_ret_sp,,
_exp_south,_app_downloads_awareness_m_vod_ret_sp,m_vod_ret_sp,,
_exp_south,_app_downloads_vol_m_tot_app_sp,m_tot_app_sp,,
_exp_south,brand_preference_m_aud_app_sp,m_aud_app_sp,,
_exp_south,brand_preference_m_aud_exp_sp,m_aud_exp_sp,,
_exp_south,brand_preference_m_aud_ret_sp,m_aud_ret_sp,,
_exp_south,brand_preference_m_cin_ret_sp,m_cin_ret_sp,,
_exp_south,brand_preference_m_dig_exp_sp,m_dig_exp_sp,,
_exp_south,brand_preference_m_dig_ret_sp,m_dig_ret_sp,,
_exp_south,brand_preference_m_disst_app_sp,m_disst_app_sp,,
_exp_south,brand_preference_m_disst_exp_sp,m_disst_exp_sp,,
_exp_south,brand_preference_m_disst_ret_sp,m_disst_ret_sp,,
_exp_south,brand_preference_m_disvd_app_sp,m_disvd_app_sp,,
_exp_south,brand_preference_m_disvd_home_sp,m_disvd_home_sp,,
_exp_south,brand_preference_m_disvd_ret_sp,m_disvd_ret_sp,,
_exp_south,brand_preference_m_drd_ret_sp,m_drd_ret_sp,,
_exp_south,brand_preference_m_drm_ret_sp,m_drm_ret_sp,,
_exp_south,brand_preference_m_ooh_befo_exp_sp,m_ooh_befo_exp_sp,,
_exp_south,brand_preference_m_ooh_befo_home_sp,m_ooh_befo_home_sp,,
_exp_south,brand_preference_m_ooh_befo_ret_sp,m_ooh_befo_ret_sp,,
_exp_south,brand_preference_m_ooh_befo_rtd_sp,m_ooh_befo_rtd_sp,,
_exp_south,brand_preference_m_oohdig_app_sp,m_oohdig_app_sp,,
_exp_south,brand_preference_m_oohdig_home_sp,m_oohdig_home_sp,,
_exp_south,brand_preference_m_oohdig_ret_sp,m_oohdig_ret_sp,,
_exp_south,brand_preference_m_oohpap_app_sp,m_oohpap_app_sp,,
_exp_south,brand_preference_m_oohpap_ret_sp,m_oohpap_ret_sp,,
_exp_south,brand_preference_m_prs_exp_sp,m_prs_exp_sp,,
_exp_south,brand_preference_m_prs_home_sp,m_prs_home_sp,,
_exp_south,brand_preference_m_prs_ret_sp,m_prs_ret_sp,,
_exp_south,brand_preference_m_rad_exp_sp,m_rad_exp_sp,,
_exp_south,brand_preference_m_rad_home_sp,m_rad_home_sp,,
_exp_south,brand_preference_m_rad_ret_sp,m_rad_ret_sp,,
_exp_south,brand_preference_m_radprt_ret_sp,m_radprt_ret_sp,,
_exp_south,brand_preference_m_socfb_exp_sp,m_socfb_exp_sp,,
_exp_south,brand_preference_m_socfb_ret_sp,m_socfb_ret_sp,,
_exp_south,brand_preference_m_socsn_exp_sp,m_socsn_exp_sp,,
_exp_south,brand_preference_m_socsn_ret_sp,m_socsn_ret_sp,,
_exp_south,brand_preference_m_soctw_exp_sp,m_soctw_exp_sp,,
_exp_south,brand_preference_m_soctw_ret_sp,m_soctw_ret_sp,,
_exp_south,brand_preference_m_tvv_ret_sp,m_tvv_ret_sp,,
_exp_south,brand_preference_m_tvvspons_ret_ppval,m_tvvspons_ret_sp,,
_exp_south,brand_preference_m_vod_ret_sp,m_vod_ret_sp,,
_exp_north,vol_m_tot_exp18_sp,m_tot_exp18_sp,,
_exp_north,_app_downloads_awareness_m_aud_app_sp,m_aud_app_sp,,
_exp_north,_app_downloads_awareness_m_aud_exp_sp,m_aud_exp_sp,,
_exp_north,_app_downloads_awareness_m_aud_ret_sp,m_aud_ret_sp,,
_exp_north,_app_downloads_awareness_m_dig_exp_sp,m_dig_exp_sp,,
_exp_north,_app_downloads_awareness_m_dig_ret_sp,m_dig_ret_sp,,
_exp_north,_app_downloads_awareness_m_disst_app_sp,m_disst_app_sp,,
_exp_north,_app_downloads_awareness_m_disst_exp_sp,m_disst_exp_sp,,
_exp_north,_app_downloads_awareness_m_disst_ret_sp,m_disst_ret_sp,,
_exp_north,_app_downloads_awareness_m_disvd_app_sp,m_disvd_app_sp,,
_exp_north,_app_downloads_awareness_m_disvd_home_sp,m_disvd_home_sp,,
_exp_north,_app_downloads_awareness_m_disvd_ret_sp,m_disvd_ret_sp,,
_exp_north,_app_downloads_awareness_m_drd_ret_sp,m_drd_ret_sp,,
_exp_north,_app_downloads_awareness_m_drm_ret_sp,m_drm_ret_sp,,
_exp_north,_app_downloads_awareness_m_ooh_befo_exp_sp,m_ooh_befo_exp_sp,,
_exp_north,_app_downloads_awareness_m_ooh_befo_ret_sp,m_ooh_befo_ret_sp,,
_exp_north,_app_downloads_awareness_m_ooh_befo_rtd_sp,m_ooh_befo_rtd_sp,,
_exp_north,_app_downloads_awareness_m_oohdig_app_sp,m_oohdig_app_sp,,
_exp_north,_app_downloads_awareness_m_oohdig_home_sp,m_oohdig_home_sp,,
_exp_north,_app_downloads_awareness_m_oohdig_ret_sp,m_oohdig_ret_sp,,
_exp_north,_app_downloads_awareness_m_oohpap_app_sp,m_oohpap_app_sp,,
_exp_north,_app_downloads_awareness_m_oohpap_ret_sp,m_oohpap_ret_sp,,
_exp_north,_app_downloads_awareness_m_prs_exp_sp,m_prs_exp_sp,,
_exp_north,_app_downloads_awareness_m_prs_home_sp,m_prs_home_sp,,
_exp_north,_app_downloads_awareness_m_prs_ret_sp,m_prs_ret_sp,,
_exp_north,_app_downloads_awareness_m_rad_ret_sp,m_rad_ret_sp,,
_exp_north,_app_downloads_awareness_m_radprt_ret_sp,m_radprt_ret_sp,,
_exp_north,_app_downloads_awareness_m_socfb_exp_sp,m_socfb_exp_sp,,
_exp_north,_app_downloads_awareness_m_socfb_ret_sp,m_socfb_ret_sp,,
_exp_north,_app_downloads_awareness_m_socsn_exp_sp,m_socsn_exp_sp,,
_exp_north,_app_downloads_awareness_m_socsn_ret_sp,m_socsn_ret_sp,,
_exp_north,_app_downloads_awareness_m_soctw_exp_sp,m_soctw_exp_sp,,
_exp_north,_app_downloads_awareness_m_soctw_ret_sp,m_soctw_ret_sp,,
_exp_north,_app_downloads_awareness_m_tvvspons_ret_ppval,m_tvvspons_ret_sp,,
_exp_north,_app_downloads_awareness_m_vod_ret_sp,m_vod_ret_sp,,
_exp_north,_app_downloads_vol_m_tot_app_sp,m_tot_app_sp,,
_exp_north,brand_preference_m_aud_app_sp,m_aud_app_sp,,
_exp_north,brand_preference_m_aud_exp_sp,m_aud_exp_sp,,
_exp_north,brand_preference_m_aud_ret_sp,m_aud_ret_sp,,
_exp_north,brand_preference_m_cin_ret_sp,m_cin_ret_sp,,
_exp_north,brand_preference_m_dig_exp_sp,m_dig_exp_sp,,
_exp_north,brand_preference_m_dig_ret_sp,m_dig_ret_sp,,
_exp_north,brand_preference_m_disst_app_sp,m_disst_app_sp,,
_exp_north,brand_preference_m_disst_exp_sp,m_disst_exp_sp,,
_exp_north,brand_preference_m_disst_ret_sp,m_disst_ret_sp,,
_exp_north,brand_preference_m_disvd_app_sp,m_disvd_app_sp,,
_exp_north,brand_preference_m_disvd_home_sp,m_disvd_home_sp,,
_exp_north,brand_preference_m_disvd_ret_sp,m_disvd_ret_sp,,
_exp_north,brand_preference_m_drd_ret_sp,m_drd_ret_sp,,
_exp_north,brand_preference_m_drm_ret_sp,m_drm_ret_sp,,
_exp_north,brand_preference_m_ooh_befo_exp_sp,m_ooh_befo_exp_sp,,
_exp_north,brand_preference_m_ooh_befo_home_sp,m_ooh_befo_home_sp,,
_exp_north,brand_preference_m_ooh_befo_ret_sp,m_ooh_befo_ret_sp,,
_exp_north,brand_preference_m_ooh_befo_rtd_sp,m_ooh_befo_rtd_sp,,
_exp_north,brand_preference_m_oohdig_app_sp,m_oohdig_app_sp,,
_exp_north,brand_preference_m_oohdig_home_sp,m_oohdig_home_sp,,
_exp_north,brand_preference_m_oohdig_ret_sp,m_oohdig_ret_sp,,
_exp_north,brand_preference_m_oohpap_app_sp,m_oohpap_app_sp,,
_exp_north,brand_preference_m_oohpap_ret_sp,m_oohpap_ret_sp,,
_exp_north,brand_preference_m_prs_exp_sp,m_prs_exp_sp,,
_exp_north,brand_preference_m_prs_home_sp,m_prs_home_sp,,
_exp_north,brand_preference_m_prs_ret_sp,m_prs_ret_sp,,
_exp_north,brand_preference_m_rad_exp_sp,m_rad_exp_sp,,
_exp_north,brand_preference_m_rad_home_sp,m_rad_home_sp,,
_exp_north,brand_preference_m_rad_ret_sp,m_rad_ret_sp,,
_exp_north,brand_preference_m_radprt_ret_sp,m_radprt_ret_sp,,
_exp_north,brand_preference_m_socfb_exp_sp,m_socfb_exp_sp,,
_exp_north,brand_preference_m_socfb_ret_sp,m_socfb_ret_sp,,
_exp_north,brand_preference_m_socsn_exp_sp,m_socsn_exp_sp,,
_exp_north,brand_preference_m_socsn_ret_sp,m_socsn_ret_sp,,
_exp_north,brand_preference_m_soctw_exp_sp,m_soctw_exp_sp,,
_exp_north,brand_preference_m_soctw_ret_sp,m_soctw_ret_sp,,
_exp_north,brand_preference_m_tvv_ret_sp,m_tvv_ret_sp,,
_exp_north,brand_preference_m_tvvspons_ret_ppval,m_tvvspons_ret_sp,,
_exp_north,brand_preference_m_vod_ret_sp,m_vod_ret_sp,,
_rtd,vol_m_tot_app_sp,m_tot_app_sp,,
_rtd,vol_m_tot_rtd_sp,m_tot_rtd_sp,,
_rtd,brand_preference_m_aud_app_sp,m_aud_app_sp,,
_rtd,brand_preference_m_aud_exp_sp,m_aud_exp_sp,,
_rtd,brand_preference_m_aud_ret_sp,m_aud_ret_sp,,
_rtd,brand_preference_m_cin_ret_sp,m_cin_ret_sp,,
_rtd,brand_preference_m_dig_exp_sp,m_dig_exp_sp,,
_rtd,brand_preference_m_dig_ret_sp,m_dig_ret_sp,,
_rtd,brand_preference_m_disst_app_sp,m_disst_app_sp,,
_rtd,brand_preference_m_disst_exp_sp,m_disst_exp_sp,,
_rtd,brand_preference_m_disst_ret_sp,m_disst_ret_sp,,
_rtd,brand_preference_m_disvd_app_sp,m_disvd_app_sp,,
_rtd,brand_preference_m_disvd_home_sp,m_disvd_home_sp,,
_rtd,brand_preference_m_disvd_ret_sp,m_disvd_ret_sp,,
_rtd,brand_preference_m_drd_ret_sp,m_drd_ret_sp,,
_rtd,brand_preference_m_drm_ret_sp,m_drm_ret_sp,,
_rtd,brand_preference_m_ooh_befo_exp_sp,m_ooh_befo_exp_sp,,
_rtd,brand_preference_m_ooh_befo_home_sp,m_ooh_befo_home_sp,,
_rtd,brand_preference_m_ooh_befo_ret_sp,m_ooh_befo_ret_sp,,
_rtd,brand_preference_m_ooh_befo_rtd_sp,m_ooh_befo_rtd_sp,,
_rtd,brand_preference_m_oohdig_app_sp,m_oohdig_app_sp,,
_rtd,brand_preference_m_oohdig_home_sp,m_oohdig_home_sp,,
_rtd,brand_preference_m_oohdig_ret_sp,m_oohdig_ret_sp,,
_rtd,brand_preference_m_oohpap_app_sp,m_oohpap_app_sp,,
_rtd,brand_preference_m_oohpap_ret_sp,m_oohpap_ret_sp,,
_rtd,brand_preference_m_prs_exp_sp,m_prs_exp_sp,,
_rtd,brand_preference_m_prs_home_sp,m_prs_home_sp,,
_rtd,brand_preference_m_prs_ret_sp,m_prs_ret_sp,,
_rtd,brand_preference_m_rad_exp_sp,m_rad_exp_sp,,
_rtd,brand_preference_m_rad_home_sp,m_rad_home_sp,,
_rtd,brand_preference_m_rad_ret_sp,m_rad_ret_sp,,
_rtd,brand_preference_m_radprt_ret_sp,m_radprt_ret_sp,,
_rtd,brand_preference_m_socfb_exp_sp,m_socfb_exp_sp,,
_rtd,brand_preference_m_socfb_ret_sp,m_socfb_ret_sp,,
_rtd,brand_preference_m_socsn_exp_sp,m_socsn_exp_sp,,
_rtd,brand_preference_m_socsn_ret_sp,m_socsn_ret_sp,,
_rtd,brand_preference_m_soctw_exp_sp,m_soctw_exp_sp,,
_rtd,brand_preference_m_soctw_ret_sp,m_soctw_ret_sp,,
_rtd,brand_preference_m_tvv_ret_sp,m_tvv_ret_sp,,
_rtd,brand_preference_m_tvvspons_ret_ppval,m_tvvspons_ret_sp,,
_rtd,brand_preference_m_vod_ret_sp,m_vod_ret_sp,,
_retail_drink,vol_m_drm_tot_sp,m_drm_tot_sp,,
_retail_drink,vol_m_ooh_ret_sp,m_ooh_ret_sp,,
_retail_drink,vol_m_prs_ret_sp,m_prs_ret_sp,,
_retail_drink,vol_m_radaud_ret_sp,m_radaud_ret_sp,,
_retail_drink,vol_m_tot_app_sp,m_tot_app_sp,,
_retail_drink,vol_m_tot_rtd_sp,m_tot_rtd_sp,,
_retail_drink,vol_m_tvvspons_ret_sec,m_tvvspons_ret_sp,,
_retail_drink,vol_m_vod_ret_sp,m_vod_ret_sp,,
_retail_drink,brand_preference_m_aud_app_sp,m_aud_app_sp,,
_retail_drink,brand_preference_m_aud_exp_sp,m_aud_exp_sp,,
_retail_drink,brand_preference_m_aud_ret_sp,m_aud_ret_sp,,
_retail_drink,brand_preference_m_cin_ret_sp,m_cin_ret_sp,,
_retail_drink,brand_preference_m_dig_exp_sp,m_dig_exp_sp,,
_retail_drink,brand_preference_m_dig_ret_sp,m_dig_ret_sp,,
_retail_drink,brand_preference_m_disst_app_sp,m_disst_app_sp,,
_retail_drink,brand_preference_m_disst_exp_sp,m_disst_exp_sp,,
_retail_drink,brand_preference_m_disst_ret_sp,m_disst_ret_sp,,
_retail_drink,brand_preference_m_disvd_app_sp,m_disvd_app_sp,,
_retail_drink,brand_preference_m_disvd_home_sp,m_disvd_home_sp,,
_retail_drink,brand_preference_m_disvd_ret_sp,m_disvd_ret_sp,,
_retail_drink,brand_preference_m_drd_ret_sp,m_drd_ret_sp,,
_retail_drink,brand_preference_m_drm_ret_sp,m_drm_ret_sp,,
_retail_drink,brand_preference_m_ooh_befo_exp_sp,m_ooh_befo_exp_sp,,
_retail_drink,brand_preference_m_ooh_befo_home_sp,m_ooh_befo_home_sp,,
_retail_drink,brand_preference_m_ooh_befo_ret_sp,m_ooh_befo_ret_sp,,
_retail_drink,brand_preference_m_ooh_befo_rtd_sp,m_ooh_befo_rtd_sp,,
_retail_drink,brand_preference_m_oohdig_app_sp,m_oohdig_app_sp,,
_retail_drink,brand_preference_m_oohdig_home_sp,m_oohdig_home_sp,,
_retail_drink,brand_preference_m_oohdig_ret_sp,m_oohdig_ret_sp,,
_retail_drink,brand_preference_m_oohpap_app_sp,m_oohpap_app_sp,,
_retail_drink,brand_preference_m_oohpap_ret_sp,m_oohpap_ret_sp,,
_retail_drink,brand_preference_m_prs_exp_sp,m_prs_exp_sp,,
_retail_drink,brand_preference_m_prs_home_sp,m_prs_home_sp,,
_retail_drink,brand_preference_m_prs_ret_sp,m_prs_ret_sp,,
_retail_drink,brand_preference_m_rad_exp_sp,m_rad_exp_sp,,
_retail_drink,brand_preference_m_rad_home_sp,m_rad_home_sp,,
_retail_drink,brand_preference_m_rad_ret_sp,m_rad_ret_sp,,
_retail_drink,brand_preference_m_radprt_ret_sp,m_radprt_ret_sp,,
_retail_drink,brand_preference_m_socfb_exp_sp,m_socfb_exp_sp,,
_retail_drink,brand_preference_m_socfb_ret_sp,m_socfb_ret_sp,,
_retail_drink,brand_preference_m_socsn_exp_sp,m_socsn_exp_sp,,
_retail_drink,brand_preference_m_socsn_ret_sp,m_socsn_ret_sp,,
_retail_drink,brand_preference_m_soctw_exp_sp,m_soctw_exp_sp,,
_retail_drink,brand_preference_m_soctw_ret_sp,m_soctw_ret_sp,,
_retail_drink,brand_preference_m_tvv_ret_sp,m_tvv_ret_sp,,
_retail_drink,brand_preference_m_tvvspons_ret_ppval,m_tvvspons_ret_sp,,
_retail_drink,brand_preference_m_vod_ret_sp,m_vod_ret_sp,,
_retail_other,vol_m_drm_tot_sp,m_drm_tot_sp,,
_retail_other,vol_m_ooh_ret_sp,m_ooh_ret_sp,,
_retail_other,vol_m_prs_ret_sp,m_prs_ret_sp,,
_retail_other,vol_m_radaud_ret_sp,m_radaud_ret_sp,,
_retail_other,vol_m_tot_app_sp,m_tot_app_sp,,
_retail_other,vol_m_tot_rtd_sp,m_tot_rtd_sp,,
_retail_other,vol_m_vod_ret_sp,m_vod_ret_sp,,
_retail_other,brand_preference_m_aud_app_sp,m_aud_app_sp,,
_retail_other,brand_preference_m_aud_exp_sp,m_aud_exp_sp,,
_retail_other,brand_preference_m_aud_ret_sp,m_aud_ret_sp,,
_retail_other,brand_preference_m_cin_ret_sp,m_cin_ret_sp,,
_retail_other,brand_preference_m_dig_exp_sp,m_dig_exp_sp,,
_retail_other,brand_preference_m_dig_ret_sp,m_dig_ret_sp,,
_retail_other,brand_preference_m_disst_app_sp,m_disst_app_sp,,
_retail_other,brand_preference_m_disst_exp_sp,m_disst_exp_sp,,
_retail_other,brand_preference_m_disst_ret_sp,m_disst_ret_sp,,
_retail_other,brand_preference_m_disvd_app_sp,m_disvd_app_sp,,
_retail_other,brand_preference_m_disvd_home_sp,m_disvd_home_sp,,
_retail_other,brand_preference_m_disvd_ret_sp,m_disvd_ret_sp,,
_retail_other,brand_preference_m_drd_ret_sp,m_drd_ret_sp,,
_retail_other,brand_preference_m_drm_ret_sp,m_drm_ret_sp,,
_retail_other,brand_preference_m_ooh_befo_exp_sp,m_ooh_befo_exp_sp,,
_retail_other,brand_preference_m_ooh_befo_home_sp,m_ooh_befo_home_sp,,
_retail_other,brand_preference_m_ooh_befo_ret_sp,m_ooh_befo_ret_sp,,
_retail_other,brand_preference_m_ooh_befo_rtd_sp,m_ooh_befo_rtd_sp,,
_retail_other,brand_preference_m_oohdig_app_sp,m_oohdig_app_sp,,
_retail_other,brand_preference_m_oohdig_home_sp,m_oohdig_home_sp,,
_retail_other,brand_preference_m_oohdig_ret_sp,m_oohdig_ret_sp,,
_retail_other,brand_preference_m_oohpap_app_sp,m_oohpap_app_sp,,
_retail_other,brand_preference_m_oohpap_ret_sp,m_oohpap_ret_sp,,
_retail_other,brand_preference_m_prs_exp_sp,m_prs_exp_sp,,
_retail_other,brand_preference_m_prs_home_sp,m_prs_home_sp,,
_retail_other,brand_preference_m_prs_ret_sp,m_prs_ret_sp,,
_retail_other,brand_preference_m_rad_exp_sp,m_rad_exp_sp,,
_retail_other,brand_preference_m_rad_home_sp,m_rad_home_sp,,
_retail_other,brand_preference_m_rad_ret_sp,m_rad_ret_sp,,
_retail_other,brand_preference_m_radprt_ret_sp,m_radprt_ret_sp,,
_retail_other,brand_preference_m_socfb_exp_sp,m_socfb_exp_sp,,
_retail_other,brand_preference_m_socfb_ret_sp,m_socfb_ret_sp,,
_retail_other,brand_preference_m_socsn_exp_sp,m_socsn_exp_sp,,
_retail_other,brand_preference_m_socsn_ret_sp,m_socsn_ret_sp,,
_retail_other,brand_preference_m_soctw_exp_sp,m_soctw_exp_sp,,
_retail_other,brand_preference_m_soctw_ret_sp,m_soctw_ret_sp,,
_retail_other,brand_preference_m_tvv_ret_sp,m_tvv_ret_sp,,
_retail_other,brand_preference_m_tvvspons_ret_ppval,m_tvvspons_ret_sp,,
_retail_other,brand_preference_m_vod_ret_sp,m_vod_ret_sp,,
_retail_food,vol_m_ooh_ret_sp,m_ooh_ret_sp,,
_retail_food,vol_m_prs_ret_sp,m_prs_ret_sp,,
_retail_food,vol_m_radaud_ret_sp,m_radaud_ret_sp,,
_retail_food,vol_m_tot_app_sp,m_tot_app_sp,,
_retail_food,vol_m_tvvspons_ret_sec,m_tvvspons_ret_sp,,
_retail_food,vol_m_vod_ret_sp,m_vod_ret_sp,,
_retail_food,brand_preference_m_aud_app_sp,m_aud_app_sp,,
_retail_food,brand_preference_m_aud_exp_sp,m_aud_exp_sp,,
_retail_food,brand_preference_m_aud_ret_sp,m_aud_ret_sp,,
_retail_food,brand_preference_m_cin_ret_sp,m_cin_ret_sp,,
_retail_food,brand_preference_m_dig_exp_sp,m_dig_exp_sp,,
_retail_food,brand_preference_m_dig_ret_sp,m_dig_ret_sp,,
_retail_food,brand_preference_m_disst_app_sp,m_disst_app_sp,,
_retail_food,brand_preference_m_disst_exp_sp,m_disst_exp_sp,,
_retail_food,brand_preference_m_disst_ret_sp,m_disst_ret_sp,,
_retail_food,brand_preference_m_disvd_app_sp,m_disvd_app_sp,,
_retail_food,brand_preference_m_disvd_home_sp,m_disvd_home_sp,,
_retail_food,brand_preference_m_disvd_ret_sp,m_disvd_ret_sp,,
_retail_food,brand_preference_m_drd_ret_sp,m_drd_ret_sp,,
_retail_food,brand_preference_m_drm_ret_sp,m_drm_ret_sp,,
_retail_food,brand_preference_m_ooh_befo_exp_sp,m_ooh_befo_exp_sp,,
_retail_food,brand_preference_m_ooh_befo_home_sp,m_ooh_befo_home_sp,,
_retail_food,brand_preference_m_ooh_befo_ret_sp,m_ooh_befo_ret_sp,,
_retail_food,brand_preference_m_ooh_befo_rtd_sp,m_ooh_befo_rtd_sp,,
_retail_food,brand_preference_m_oohdig_app_sp,m_oohdig_app_sp,,
_retail_food,brand_preference_m_oohdig_home_sp,m_oohdig_home_sp,,
_retail_food,brand_preference_m_oohdig_ret_sp,m_oohdig_ret_sp,,
_retail_food,brand_preference_m_oohpap_app_sp,m_oohpap_app_sp,,
_retail_food,brand_preference_m_oohpap_ret_sp,m_oohpap_ret_sp,,
_retail_food,brand_preference_m_prs_exp_sp,m_prs_exp_sp,,
_retail_food,brand_preference_m_prs_home_sp,m_prs_home_sp,,
_retail_food,brand_preference_m_prs_ret_sp,m_prs_ret_sp,,
_retail_food,brand_preference_m_rad_exp_sp,m_rad_exp_sp,,
_retail_food,brand_preference_m_rad_home_sp,m_rad_home_sp,,
_retail_food,brand_preference_m_rad_ret_sp,m_rad_ret_sp,,
_retail_food,brand_preference_m_radprt_ret_sp,m_radprt_ret_sp,,
_retail_food,brand_preference_m_socfb_exp_sp,m_socfb_exp_sp,,
_retail_food,brand_preference_m_socfb_ret_sp,m_socfb_ret_sp,,
_retail_food,brand_preference_m_socsn_exp_sp,m_socsn_exp_sp,,
_retail_food,brand_preference_m_socsn_ret_sp,m_socsn_ret_sp,,
_retail_food,brand_preference_m_soctw_exp_sp,m_soctw_exp_sp,,
_retail_food,brand_preference_m_soctw_ret_sp,m_soctw_ret_sp,,
_retail_food,brand_preference_m_tvv_ret_sp,m_tvv_ret_sp,,
_retail_food,brand_preference_m_tvvspons_ret_ppval,m_tvvspons_ret_sp,,
_retail_food,brand_preference_m_vod_ret_sp,m_vod_ret_sp,,
_app_downloads,vol_m_tot_ret_sp,m_radaud_ret_sp,,
_app_downloads,vol_m_tot_ret_sp,m_dis_ret_sp,,
_app_downloads,vol_m_tot_ret_sp,m_ooh_ret_sp,,
_app_downloads,vol_m_tot_ret_sp,m_prs_ret_sp,,
_app_downloads,vol_m_tot_ret_sp,m_soc_ret_sp,,
_app_downloads,vol_m_tot_ret_sp,m_vod_ret_sp,,
_app_downloads,vol_m_tot_ret_sp,m_tvvspons_ret_sp,,
_exp_london,vol_m_tot_exp19_sp,m_ooh_exp19_sp,,
_exp_london,vol_m_tot_exp19_sp,m_dig_exp19_sp,,
_exp_london,vol_m_tot_exp19_sp,m_prs_exp19_sp,,
_exp_london,vol_m_tot_exp2020_sp,m_aud_exp_sp,,
_exp_london,vol_m_tot_exp2020_sp,m_dis_exp_sp,,
_exp_london,vol_m_tot_exp2020_sp,m_soc_exp_sp,,
_exp_london,vol_m_tot_ret_sp,m_radaud_ret_sp,,
_exp_london,vol_m_tot_ret_sp,m_dis_ret_sp,,
_exp_london,vol_m_tot_ret_sp,m_ooh_ret_sp,,
_exp_london,vol_m_tot_ret_sp,m_prs_ret_sp,,
_exp_london,vol_m_tot_ret_sp,m_soc_ret_sp,,
_exp_london,vol_m_tot_ret_sp,m_vod_ret_sp,,
_exp_london,vol_m_tot_ret_sp,m_tvvspons_ret_sp,,
_exp_london,_app_downloads_vol_m_tot_ret_sp,m_radaud_ret_sp,,
_exp_london,_app_downloads_vol_m_tot_ret_sp,m_dis_ret_sp,,
_exp_london,_app_downloads_vol_m_tot_ret_sp,m_ooh_ret_sp,,
_exp_london,_app_downloads_vol_m_tot_ret_sp,m_prs_ret_sp,,
_exp_london,_app_downloads_vol_m_tot_ret_sp,m_soc_ret_sp,,
_exp_london,_app_downloads_vol_m_tot_ret_sp,m_vod_ret_sp,,
_exp_london,_app_downloads_vol_m_tot_ret_sp,m_tvvspons_ret_sp,,
_exp_south,vol_m_tot_exp19_sp,m_ooh_exp19_sp,,
_exp_south,vol_m_tot_exp19_sp,m_dig_exp19_sp,,
_exp_south,vol_m_tot_exp19_sp,m_prs_exp19_sp,,
_exp_south,vol_m_tot_exp2020_sp,m_aud_exp_sp,,
_exp_south,vol_m_tot_exp2020_sp,m_dis_exp_sp,,
_exp_south,vol_m_tot_exp2020_sp,m_soc_exp_sp,,
_exp_south,vol_m_tot_ret_sp,m_radaud_ret_sp,,
_exp_south,vol_m_tot_ret_sp,m_dis_ret_sp,,
_exp_south,vol_m_tot_ret_sp,m_ooh_ret_sp,,
_exp_south,vol_m_tot_ret_sp,m_prs_ret_sp,,
_exp_south,vol_m_tot_ret_sp,m_soc_ret_sp,,
_exp_south,vol_m_tot_ret_sp,m_vod_ret_sp,,
_exp_south,vol_m_tot_ret_sp,m_tvvspons_ret_sp,,
_exp_south,_app_downloads_vol_m_tot_ret_sp,m_radaud_ret_sp,,
_exp_south,_app_downloads_vol_m_tot_ret_sp,m_dis_ret_sp,,
_exp_south,_app_downloads_vol_m_tot_ret_sp,m_ooh_ret_sp,,
_exp_south,_app_downloads_vol_m_tot_ret_sp,m_prs_ret_sp,,
_exp_south,_app_downloads_vol_m_tot_ret_sp,m_soc_ret_sp,,
_exp_south,_app_downloads_vol_m_tot_ret_sp,m_vod_ret_sp,,
_exp_south,_app_downloads_vol_m_tot_ret_sp,m_tvvspons_ret_sp,,
_exp_north,vol_m_tot_exp19_sp,m_ooh_exp19_sp,,
_exp_north,vol_m_tot_exp19_sp,m_dig_exp19_sp,,
_exp_north,vol_m_tot_exp19_sp,m_prs_exp19_sp,,
_exp_north,vol_m_tot_exp2020_sp,m_aud_exp_sp,,
_exp_north,vol_m_tot_exp2020_sp,m_dis_exp_sp,,
_exp_north,vol_m_tot_exp2020_sp,m_soc_exp_sp,,
_exp_north,_app_downloads_vol_m_tot_ret_sp,m_radaud_ret_sp,,
_exp_north,_app_downloads_vol_m_tot_ret_sp,m_dis_ret_sp,,
_exp_north,_app_downloads_vol_m_tot_ret_sp,m_ooh_ret_sp,,
_exp_north,_app_downloads_vol_m_tot_ret_sp,m_prs_ret_sp,,
_exp_north,_app_downloads_vol_m_tot_ret_sp,m_soc_ret_sp,,
_exp_north,_app_downloads_vol_m_tot_ret_sp,m_vod_ret_sp,,
_exp_north,_app_downloads_vol_m_tot_ret_sp,m_tvvspons_ret_sp,,
_rtd,vol_m_tot_exp_sp,m_radaud_exp_sp,,
_rtd,vol_m_tot_exp_sp,m_dis_exp_sp,,
_rtd,vol_m_tot_exp_sp,m_soc_exp_sp,,
_rtd,vol_m_tot_exp_sp,m_ooh_exp_sp,,
_rtd,vol_m_tot_exp_sp,m_prs_exp_sp,,
_rtd,vol_m_tot_ret_sp,m_radaud_ret_sp,,
_rtd,vol_m_tot_ret_sp,m_dis_ret_sp,,
_rtd,vol_m_tot_ret_sp,m_ooh_ret_sp,,
_rtd,vol_m_tot_ret_sp,m_prs_ret_sp,,
_rtd,vol_m_tot_ret_sp,m_soc_ret_sp,,
_rtd,vol_m_tot_ret_sp,m_vod_ret_sp,,
_rtd,vol_m_tot_ret_sp,m_tvvspons_ret_sp,,
_retail_drink,vol_m_digall_ret_sp,m_dig_ret_sp,,
_retail_drink,vol_m_digall_ret_sp,m_soc_ret_sp,,
_retail_drink,vol_m_digall_ret_sp,m_disvd_ret_sp,,
_retail_drink,vol_m_digall_ret_sp,m_disst_ret_sp,,
_retail_other,vol_m_digall_ret_sp,m_dig_ret_sp,,
_retail_other,vol_m_digall_ret_sp,m_soc_ret_sp,,
_retail_other,vol_m_digall_ret_sp,m_disvd_ret_sp,,
_retail_other,vol_m_digall_ret_sp,m_disst_ret_sp,,
_retail_food,vol_m_digall_ret_sp,m_dig_ret_sp,,
_retail_food,vol_m_digall_ret_sp,m_soc_ret_sp,,
_retail_food,vol_m_digall_ret_sp,m_disvd_ret_sp,,
_retail_food,vol_m_digall_ret_sp,m_disst_ret_sp,,
